{"accuracy": 0.9375, "sensitivity": 0.75, "specificity": 1.0, "auc": 0.923611111111111, "r2": 0.5059750080108643}