{"accuracy": 0.9375, "sensitivity": 0.75, "specificity": 1.0, "auc": 0.9143518518518519, "r2": 0.4938102960586548}