{"accuracy": 0.6205533596837944, "sensitivity": 0.5897435897435898, "specificity": 0.6470588235294118, "auc": 0.7085218702865762}