Model,Accuracy,Sensitivity (Recall),Specificity,AUC
Random Forest,0.6788511749347258,0.6758241758241759,0.681592039800995,0.7552894866327702
Logistic Regression,0.6475195822454308,0.6153846153846154,0.6766169154228856,0.7325460609042699
AdaBoost,0.6866840731070496,0.7197802197802198,0.6567164179104478,0.7579410639112133
XGBoost,0.6501305483028721,0.6593406593406593,0.6417910447761194,0.7232245366573725
SVC,0.5587467362924282,0.5054945054945055,0.6069651741293532,0.5707588431469028
MLPClassifier,0.556135770234987,0.7692307692307693,0.36318407960199006,0.6326608714668418
