Model,Accuracy,Sensitivity (Recall),Specificity,AUC
Random Forest,0.6640316205533597,0.5897435897435898,0.7279411764705882,0.6817496229260935
XGBoost,0.6047430830039525,0.5897435897435898,0.6176470588235294,0.6492269984917044
MLPClassifier,0.5968379446640316,0.5299145299145299,0.6544117647058824,0.6435394670688788
SVC,0.5770750988142292,0.4444444444444444,0.6911764705882353,0.6356209150326798
AdaBoost,0.6007905138339921,0.5384615384615384,0.6544117647058824,0.6347724987430869
Logistic Regression,0.5968379446640316,0.49572649572649574,0.6838235294117647,0.6319758672699849
