{"accuracy": 0.9583333333333334, "sensitivity": 0.8333333333333334, "specificity": 1.0, "auc": 0.9305555555555555}