Model,Accuracy,Sensitivity (Recall),Specificity,AUC
Random Forest,0.7848101265822784,0.0,0.9841269841269841,0.6339285714285714
Logistic Regression,0.7721518987341772,0.4375,0.8571428571428571,0.5505952380952381
AdaBoost,0.810126582278481,0.0625,1.0,0.6041666666666666
XGBoost,0.759493670886076,0.125,0.9206349206349206,0.6319444444444444
SVC,0.7974683544303798,0.0,1.0,0.6567460317460317
MLPClassifier,0.759493670886076,0.375,0.8571428571428571,0.5853174603174603
