Model,Accuracy,Sensitivity (Recall),Specificity,AUC
Random Forest,0.7843137254901961,0.0,1.0,0.6272727272727272
XGBoost,0.7647058823529411,0.2727272727272727,0.9,0.625
SVC,0.7843137254901961,0.0,1.0,0.575
Logistic Regression,0.7843137254901961,0.0,1.0,0.5613636363636363
MLPClassifier,0.7450980392156863,0.09090909090909091,0.925,0.559090909090909
AdaBoost,0.7843137254901961,0.0,1.0,0.5556818181818182
