{"accuracy": 0.8467432950191571, "sensitivity": 0.8415841584158416, "specificity": 0.85, "auc": 0.8881188118811881, "r2": 0.4571773409843445}