{"accuracy": 0.8582375478927203, "sensitivity": 0.8316831683168316, "specificity": 0.875, "auc": 0.8991955445544555, "r2": 0.5236821174621582, "cox_snell_r2": 0.3734522919818619}