{"accuracy": 0.90625, "sensitivity": 0.7727272727272727, "specificity": 0.9761904761904762, "auc": 0.8863636363636364}