{"accuracy": 0.8237547892720306, "sensitivity": 0.8316831683168316, "specificity": 0.81875, "auc": 0.8938118811881188}