Model,Accuracy,Sensitivity (Recall),Specificity,AUC
Random Forest,0.6492146596858639,0.6557377049180327,0.6432160804020101,0.7272976906389873
Logistic Regression,0.6308900523560209,0.6338797814207651,0.628140703517588,0.6878380975917842
AdaBoost,0.6387434554973822,0.6284153005464481,0.6482412060301508,0.7003734519592497
XGBoost,0.6570680628272252,0.6939890710382514,0.6231155778894473,0.719608973830903
SVC,0.6335078534031413,0.6120218579234973,0.6532663316582915,0.6925337067852926
MLPClassifier,0.6413612565445026,0.6284153005464481,0.6532663316582915,0.7116182002910729
